documentId,fullName,age,gender,cityCode,address,phone,email
7744287142,Camilo Rodríguez,21,O,13001,Calle 63 #29-9,3768040250,camilo.rodríguez@mail.com
5702202126,Ana González,31,M,54001,Calle 25 #46-23,3687593586,ana.gonzález@correo.co
2032298363,Sofia Martínez,65,F,08001,Calle 69 #10-39,3652429623,sofia.martínez@mail.com
1165354259,Camilo Sánchez,36,F,76001,Calle 64 #72-35,3258329500,camilo.sánchez@mail.com
5131999541,Camilo Rodríguez,52,O,68001,Calle 29 #38-28,3107797516,camilo.rodríguez@example.org
4257239645,Sofia Hernández,48,M,08001,Calle 146 #11-6,3789516915,sofia.hernández@example.org
4578524406,María López,46,M,68001,Calle 6 #76-36,3220629802,maría.lópez@example.org
4850989981,Sofia Pérez,70,F,11001,Calle 26 #8-26,3781151148,sofia.pérez@mail.com
1207030495,Paula Sánchez,45,F,11001,Calle 43 #49-1,3927449957,paula.sánchez@mail.com
6321649906,Juan Ramírez,28,M,05001,Calle 18 #31-26,3182564559,juan.ramírez@mail.com
5659182871,Laura Rodríguez,27,O,08001,Calle 130 #34-9,3988318769,laura.rodríguez@example.org
1475196103,Luis Torres,44,O,68001,Calle 53 #34-33,3498042076,luis.torres@correo.co
8988073988,Jorge Martínez,73,M,11001,Calle 79 #47-3,3822178461,jorge.martínez@mail.com
9263959191,Ana Hernández,38,O,05001,Calle 98 #5-31,3284372013,ana.hernández@mail.com
9714996619,Luis García,31,O,54001,Calle 89 #41-28,3653527095,luis.garcía@example.org
4564424971,Jorge Hernández,70,F,54001,Calle 76 #71-9,3163715483,jorge.hernández@mail.com
5733168887,María Hernández,83,O,76036,Calle 86 #12-49,3238109674,maría.hernández@example.org
4941847827,Ana Martínez,84,F,11001,Calle 143 #32-8,3486959867,ana.martínez@example.org
4249568730,Paula López,53,F,05001,Calle 74 #31-18,3380131243,paula.lópez@correo.co
5956048123,Sofia Hernández,67,F,17001,Calle 140 #78-15,3424367789,sofia.hernández@example.org
1011652671,Paula González,61,F,13001,Calle 108 #33-6,3470920900,paula.gonzález@mail.com
8619734353,Laura Rodríguez,38,F,05001,Calle 149 #4-20,3593915826,laura.rodríguez@correo.co
8808246308,Andrés Sánchez,31,F,68001,Calle 118 #20-28,3156697485,andrés.sánchez@correo.co
7402426353,Carlos Sánchez,45,F,13001,Calle 88 #36-39,3720907476,carlos.sánchez@example.org
9521121052,Valentina Ramírez,60,F,66001,Calle 70 #40-17,3273796172,valentina.ramírez@example.org
5618902545,Juan Ramírez,55,O,76001,Calle 126 #14-1,3544109484,juan.ramírez@mail.com
2514640228,Laura López,84,F,66001,Calle 114 #39-38,3936679226,laura.lópez@mail.com
4434254587,María López,51,O,76036,Calle 51 #55-8,3569801375,maría.lópez@correo.co
4894431144,Laura Hernández,21,M,08001,Calle 148 #76-2,3962074691,laura.hernández@example.org
7672594619,Camilo Pérez,22,F,05001,Calle 81 #33-21,3178808405,camilo.pérez@example.org
4444115710,Laura López,38,F,17001,Calle 4 #71-27,3099418475,laura.lópez@correo.co
9238434939,Andrés González,82,F,11001,Calle 73 #39-38,3568443739,andrés.gonzález@mail.com
7263036596,Camilo Martínez,81,M,76001,Calle 129 #76-22,3884547461,camilo.martínez@correo.co
2315571086,Paula Ramírez,22,O,05001,Calle 61 #37-15,3740684690,paula.ramírez@mail.com
6439813326,Ana Sánchez,36,M,66001,Calle 66 #59-17,3684250992,ana.sánchez@correo.co
7610607031,Juan Pérez,53,M,76036,Calle 13 #78-48,3492763666,juan.pérez@example.org
4072663850,Luis González,71,M,08001,Calle 34 #70-24,3598284873,luis.gonzález@mail.com
9208934193,Andrés García,51,O,05001,Calle 117 #48-44,3723636469,andrés.garcía@correo.co
4903498065,Paula Rodríguez,30,M,17001,Calle 35 #50-30,3396557868,paula.rodríguez@example.org
2283190811,Camilo González,25,F,13001,Calle 49 #16-30,3026903972,camilo.gonzález@example.org
5159078549,Luis Martínez,32,O,11001,Calle 34 #2-23,3723107574,luis.martínez@correo.co
4607867724,Juan Sánchez,69,F,05001,Calle 126 #57-5,3831165735,juan.sánchez@correo.co
3109564894,Ana Pérez,61,F,54001,Calle 107 #13-21,3463190800,ana.pérez@example.org
8986609821,Valentina García,54,O,13001,Calle 91 #14-37,3514835122,valentina.garcía@correo.co
7750016626,Valentina Hernández,61,F,11001,Calle 47 #19-37,3607905341,valentina.hernández@correo.co
3212307137,Paula Torres,74,F,13001,Calle 56 #66-8,3316553290,paula.torres@mail.com
8689082553,Jorge Ramírez,63,M,54001,Calle 11 #56-2,3403446249,jorge.ramírez@mail.com
1170964556,Luis González,46,F,76001,Calle 20 #66-41,3159378821,luis.gonzález@mail.com
0886545784,Laura Torres,59,O,68001,Calle 39 #57-5,3467530403,laura.torres@correo.co
5132435760,Laura López,59,O,66001,Calle 129 #20-4,3488906079,laura.lópez@example.org
6317999065,María Ramírez,67,F,13001,Calle 39 #43-6,3513963593,maría.ramírez@correo.co
8651166970,Juan González,57,M,08001,Calle 88 #63-13,3210817880,juan.gonzález@correo.co
5411680439,Sofia López,74,O,13001,Calle 115 #30-35,3297916547,sofia.lópez@correo.co
3302307310,Valentina Ramírez,33,F,05001,Calle 42 #35-29,3914924300,valentina.ramírez@example.org
6608456572,Paula Martínez,78,F,76036,Calle 2 #11-2,3285751230,paula.martínez@correo.co
6920737677,Juan Torres,63,M,76036,Calle 107 #24-43,3653957508,juan.torres@mail.com
8333840628,Sofia Martínez,23,F,17001,Calle 87 #23-50,3694117902,sofia.martínez@mail.com
0685306364,Juan González,52,M,68001,Calle 112 #52-48,3493163720,juan.gonzález@correo.co
8641263901,Valentina Sánchez,62,F,11001,Calle 91 #79-28,3299063869,valentina.sánchez@mail.com
7266921017,Paula González,65,F,05001,Calle 147 #18-34,3332901591,paula.gonzález@correo.co
2435491803,María González,62,O,05001,Calle 141 #70-19,3887967512,maría.gonzález@mail.com
4901113739,Valentina Sánchez,85,F,54001,Calle 148 #10-9,3964638761,valentina.sánchez@mail.com
0809722560,Luis Rodríguez,50,M,17001,Calle 71 #17-41,3355191676,luis.rodríguez@example.org
7891353422,Camilo Ramírez,55,O,13001,Calle 124 #32-44,3446144318,camilo.ramírez@correo.co
9592304864,María García,55,F,76036,Calle 108 #32-11,3897119484,maría.garcía@mail.com
6193739715,Jorge García,31,F,76001,Calle 68 #47-49,3400532345,jorge.garcía@example.org
5545403143,Jorge García,23,M,76001,Calle 86 #61-34,3465361972,jorge.garcía@correo.co
1031647987,Valentina García,78,F,76036,Calle 148 #30-47,3045773825,valentina.garcía@example.org
6125292227,Juan Martínez,84,M,17001,Calle 84 #62-34,3394556868,juan.martínez@correo.co
9672825217,Sofia Sánchez,62,O,13001,Calle 74 #16-37,3639898227,sofia.sánchez@correo.co
4193690557,Ana López,24,O,17001,Calle 58 #30-4,3134619916,ana.lópez@correo.co
5498411142,Juan Martínez,71,M,11001,Calle 102 #64-12,3999805192,juan.martínez@example.org
0342355232,Carlos García,61,F,76036,Calle 50 #23-40,3888506113,carlos.garcía@mail.com
3797887657,Camilo Rodríguez,77,F,76001,Calle 104 #65-46,3766932944,camilo.rodríguez@example.org
4840145563,Jorge Sánchez,85,O,68001,Calle 20 #73-8,3055513512,jorge.sánchez@example.org
7964938936,Juan Pérez,50,M,08001,Calle 149 #10-3,3475089421,juan.pérez@mail.com
8232971847,Camilo Ramírez,35,O,68001,Calle 31 #23-35,3319879474,camilo.ramírez@correo.co
2955782895,Juan López,44,M,05001,Calle 9 #58-39,3682045771,juan.lópez@correo.co
4837895951,Andrés Hernández,53,M,17001,Calle 45 #55-36,3499673413,andrés.hernández@example.org
5483909919,Ana Hernández,44,F,05001,Calle 116 #48-6,3580360085,ana.hernández@example.org
9345212954,Paula López,44,F,08001,Calle 142 #42-50,3246338487,paula.lópez@correo.co
1749560089,Carlos López,60,M,54001,Calle 146 #32-32,3593747747,carlos.lópez@correo.co
5052908689,Camilo García,18,F,76001,Calle 60 #9-46,3124069960,camilo.garcía@example.org
6870350014,María Rodríguez,85,M,08001,Calle 50 #80-34,3237094262,maría.rodríguez@mail.com
0218892558,Andrés González,30,O,11001,Calle 59 #28-45,3840098509,andrés.gonzález@correo.co
6742531537,Camilo Ramírez,60,F,76001,Calle 21 #65-48,3904837937,camilo.ramírez@mail.com
1454030533,Luis López,27,M,13001,Calle 40 #49-46,3713309471,luis.lópez@mail.com
3974641038,Luis Pérez,67,M,17001,Calle 63 #74-34,3131340444,luis.pérez@mail.com
3273919170,Andrés González,74,F,54001,Calle 35 #39-21,3664133769,andrés.gonzález@mail.com
5984097859,Valentina Sánchez,44,F,13001,Calle 18 #53-44,3462677094,valentina.sánchez@correo.co
6234661942,María López,63,M,76036,Calle 12 #73-42,3637940255,maría.lópez@example.org
6619211592,María Rodríguez,36,F,13001,Calle 88 #59-14,3530740070,maría.rodríguez@correo.co
7531164933,Andrés Martínez,41,O,54001,Calle 102 #4-48,3615372780,andrés.martínez@mail.com
1355445991,Andrés Torres,32,F,68001,Calle 118 #80-12,3872601131,andrés.torres@example.org
7415720227,Carlos Sánchez,54,M,76001,Calle 81 #58-40,3030189546,carlos.sánchez@correo.co
7294384972,Laura Sánchez,83,M,76036,Calle 30 #35-50,3595774247,laura.sánchez@example.org
5959817402,Valentina Torres,62,O,76036,Calle 110 #22-40,3122032537,valentina.torres@correo.co
5293930777,Camilo Martínez,34,M,76001,Calle 83 #32-49,3831663077,camilo.martínez@correo.co
0741840926,Paula González,26,O,54001,Calle 56 #55-14,3432518787,paula.gonzález@mail.com
2055403186,Carlos Hernández,38,F,05001,Calle 93 #33-6,3391336267,carlos.hernández@mail.com
6476146801,Paula Rodríguez,47,F,05001,Calle 27 #14-21,3323886605,paula.rodríguez@example.org
2613677232,María Torres,67,F,54001,Calle 81 #18-16,3205667686,maría.torres@correo.co
2007565470,Camilo Torres,27,O,11001,Calle 93 #41-9,3384514905,camilo.torres@mail.com
7800446377,Jorge Ramírez,37,F,05001,Calle 80 #11-33,3991357663,jorge.ramírez@correo.co
3452964508,María García,35,O,11001,Calle 42 #64-23,3577117287,maría.garcía@mail.com
5974347203,Carlos González,38,F,05001,Calle 147 #15-15,3708003919,carlos.gonzález@mail.com
6454719720,Jorge García,40,M,17001,Calle 12 #52-5,3887304327,jorge.garcía@example.org
7098573900,Andrés García,47,O,68001,Calle 3 #43-1,3737329499,andrés.garcía@mail.com
9171143137,Carlos Pérez,27,O,76036,Calle 16 #56-43,3922387732,carlos.pérez@mail.com
6290447248,Paula Hernández,77,F,05001,Calle 24 #21-44,3376281793,paula.hernández@mail.com
8088190947,Carlos Rodríguez,19,M,08001,Calle 34 #26-26,3366528009,carlos.rodríguez@correo.co
0211856879,Paula García,66,O,54001,Calle 45 #46-14,3924166648,paula.garcía@correo.co
7991628909,Valentina González,79,O,66001,Calle 89 #73-33,3320508284,valentina.gonzález@correo.co
5100604368,Ana Torres,67,F,76001,Calle 46 #31-38,3373573519,ana.torres@correo.co
3974643758,Sofia Martínez,59,M,11001,Calle 38 #76-46,3978893931,sofia.martínez@correo.co
6992591729,Laura González,46,O,76036,Calle 45 #49-20,3721075875,laura.gonzález@mail.com
3387572470,Carlos Rodríguez,60,F,11001,Calle 68 #27-16,3637704414,carlos.rodríguez@correo.co
1811216772,Juan González,51,M,05001,Calle 88 #22-25,3109939874,juan.gonzález@example.org
6941748263,Luis Hernández,48,M,11001,Calle 101 #74-36,3813426610,luis.hernández@mail.com
2035969522,Sofia Pérez,65,M,66001,Calle 12 #34-29,3422076035,sofia.pérez@example.org
2815378055,Andrés García,82,O,17001,Calle 147 #80-10,3171998149,andrés.garcía@correo.co
8826541466,Luis Ramírez,76,M,76036,Calle 134 #54-8,3415799512,luis.ramírez@example.org
3773760494,Andrés García,68,F,08001,Calle 13 #61-18,3808324608,andrés.garcía@mail.com
4972856103,Paula Ramírez,65,M,17001,Calle 41 #9-20,3747551820,paula.ramírez@mail.com
6624077096,Laura Sánchez,40,F,76036,Calle 142 #45-23,3187623159,laura.sánchez@mail.com
9855264323,Laura García,46,F,76036,Calle 79 #36-28,3884235650,laura.garcía@example.org
4759837664,Luis Hernández,56,M,76001,Calle 133 #31-4,3886667692,luis.hernández@correo.co
2848354106,Camilo González,82,F,76001,Calle 143 #24-19,3012871630,camilo.gonzález@correo.co
1810393042,Laura Torres,27,F,08001,Calle 129 #16-44,3320812459,laura.torres@correo.co
1662631351,Carlos Torres,38,F,05001,Calle 34 #79-28,3649301303,carlos.torres@example.org
2920517736,Juan Hernández,55,F,17001,Calle 135 #44-28,3893931994,juan.hernández@mail.com
1567485627,Jorge Torres,24,O,11001,Calle 28 #3-4,3643541663,jorge.torres@example.org
8610571229,Paula López,43,F,17001,Calle 52 #46-46,3415964200,paula.lópez@mail.com
3468081492,Luis Hernández,77,M,05001,Calle 45 #6-19,3364188016,luis.hernández@correo.co
6887844840,Andrés Sánchez,71,O,76001,Calle 29 #17-45,3798194546,andrés.sánchez@correo.co
6188609544,Camilo González,19,O,17001,Calle 148 #73-15,3963570623,camilo.gonzález@example.org
1461450066,Carlos Rodríguez,80,F,08001,Calle 85 #36-4,3553804504,carlos.rodríguez@correo.co
2389257011,Luis Ramírez,44,O,66001,Calle 88 #47-4,3883757340,luis.ramírez@example.org
1845590754,Valentina Pérez,31,F,76036,Calle 51 #25-8,3934771498,valentina.pérez@example.org
9414772787,Laura Sánchez,83,M,76036,Calle 45 #17-7,3368539972,laura.sánchez@correo.co
5647828850,Jorge López,43,M,76036,Calle 75 #45-44,3179156775,jorge.lópez@example.org
5263576603,Carlos García,25,M,13001,Calle 42 #37-44,3286270818,carlos.garcía@example.org
9216115345,Andrés González,24,M,13001,Calle 52 #80-50,3842673571,andrés.gonzález@example.org
3210545022,Carlos Martínez,50,M,68001,Calle 120 #20-3,3130966453,carlos.martínez@example.org
8371270575,Sofia González,64,F,08001,Calle 136 #61-36,3890649669,sofia.gonzález@example.org
4157976971,Jorge Sánchez,80,M,13001,Calle 50 #42-33,3009756262,jorge.sánchez@example.org
0707083526,Paula González,22,M,05001,Calle 14 #23-17,3552236406,paula.gonzález@example.org
6908105350,Laura Rodríguez,54,F,54001,Calle 102 #4-31,3127782628,laura.rodríguez@example.org
6062159362,Ana González,45,F,17001,Calle 37 #21-12,3281178899,ana.gonzález@correo.co
7623634474,Luis Torres,26,M,68001,Calle 125 #58-22,3635533402,luis.torres@mail.com
9559473277,María Martínez,28,F,76001,Calle 138 #26-17,3767886857,maría.martínez@mail.com
6974324030,Luis Martínez,77,O,17001,Calle 24 #51-24,3568861541,luis.martínez@example.org
3580292483,Ana Ramírez,64,F,66001,Calle 117 #6-3,3937588251,ana.ramírez@example.org
1645642151,Paula Torres,18,O,76001,Calle 113 #22-15,3062137128,paula.torres@example.org
8186781627,Jorge García,36,M,76001,Calle 67 #24-34,3955076204,jorge.garcía@correo.co
5141688765,Sofia Sánchez,26,M,54001,Calle 99 #17-7,3059686195,sofia.sánchez@example.org
5520705532,Sofia García,85,F,08001,Calle 124 #49-23,3577601428,sofia.garcía@correo.co
3523377867,Sofia Pérez,64,M,76001,Calle 110 #75-17,3255693255,sofia.pérez@mail.com
0200396575,Paula Martínez,30,M,17001,Calle 103 #44-36,3660368846,paula.martínez@mail.com
7335570028,Carlos Sánchez,74,M,08001,Calle 133 #37-13,3055210201,carlos.sánchez@correo.co
8569577944,Laura González,62,F,08001,Calle 50 #59-26,3524102989,laura.gonzález@example.org
0680943829,Laura García,79,M,13001,Calle 18 #49-41,3727843572,laura.garcía@correo.co
0898338852,Camilo López,81,O,08001,Calle 61 #31-17,3222611966,camilo.lópez@example.org
4602536252,Carlos Ramírez,53,F,08001,Calle 148 #17-4,3549038741,carlos.ramírez@example.org
2243191814,Paula Torres,61,F,76001,Calle 128 #55-14,3473445968,paula.torres@example.org
5920189156,Camilo Ramírez,58,F,13001,Calle 65 #72-37,3001228072,camilo.ramírez@correo.co
0336763879,Carlos Hernández,63,F,17001,Calle 125 #58-6,3326118365,carlos.hernández@mail.com
5037021683,Valentina Torres,84,F,54001,Calle 43 #24-2,3122772309,valentina.torres@correo.co
5547846594,Ana Hernández,74,O,76001,Calle 34 #68-11,3068349524,ana.hernández@example.org
2775751842,Ana Rodríguez,74,F,68001,Calle 106 #34-10,3308834099,ana.rodríguez@correo.co
1266261005,Valentina Pérez,66,M,13001,Calle 21 #55-41,3279862784,valentina.pérez@mail.com
8907041888,Carlos Rodríguez,54,F,76001,Calle 113 #2-15,3002474360,carlos.rodríguez@mail.com
9526188216,María López,67,F,08001,Calle 9 #26-30,3706239917,maría.lópez@example.org
3970315143,Sofia García,39,F,76036,Calle 31 #51-16,3007453010,sofia.garcía@example.org
7289501223,Jorge González,74,O,08001,Calle 6 #49-23,3720755455,jorge.gonzález@correo.co
2430609101,Juan Ramírez,66,O,76001,Calle 5 #80-24,3727653545,juan.ramírez@example.org
4637887065,Ana Rodríguez,22,O,54001,Calle 126 #68-40,3723609248,ana.rodríguez@mail.com
7567417556,Valentina Rodríguez,56,M,08001,Calle 133 #13-7,3751526174,valentina.rodríguez@mail.com
9437955933,Jorge Torres,74,F,68001,Calle 141 #42-24,3468325357,jorge.torres@correo.co
0397771865,Ana López,58,M,13001,Calle 142 #66-36,3550412822,ana.lópez@correo.co
9660535361,María Torres,56,M,76036,Calle 98 #11-50,3073848826,maría.torres@example.org
7115461672,Camilo Pérez,75,O,76036,Calle 130 #12-15,3471347523,camilo.pérez@correo.co
6492617072,María Hernández,73,F,76036,Calle 23 #15-43,3431367138,maría.hernández@correo.co
6056012760,Laura Martínez,54,M,68001,Calle 29 #40-29,3437257569,laura.martínez@example.org
1549025331,Camilo García,26,F,13001,Calle 93 #14-2,3283957945,camilo.garcía@mail.com
6039662219,Sofia González,63,O,13001,Calle 61 #65-18,3868880521,sofia.gonzález@correo.co
6510571810,Laura González,75,O,76001,Calle 53 #18-38,3588375199,laura.gonzález@mail.com
3645673841,Sofia Pérez,70,F,66001,Calle 71 #20-50,3110966652,sofia.pérez@mail.com
8476873955,Ana López,22,F,11001,Calle 70 #53-15,3797099843,ana.lópez@correo.co
7212969460,Camilo García,84,M,66001,Calle 117 #6-16,3537556023,camilo.garcía@correo.co
7711435375,Jorge Rodríguez,41,O,17001,Calle 35 #51-27,3304888036,jorge.rodríguez@example.org
1126248508,Carlos Pérez,66,M,76001,Calle 86 #73-43,3811703792,carlos.pérez@mail.com
1056301912,Ana López,78,F,54001,Calle 114 #11-39,3625658016,ana.lópez@mail.com
3422059507,Camilo Torres,40,F,76036,Calle 93 #5-6,3738878041,camilo.torres@correo.co
2114772640,Laura Hernández,72,O,68001,Calle 67 #68-37,3931556416,laura.hernández@example.org
1894401148,Sofia Ramírez,45,M,08001,Calle 73 #33-5,3353063760,sofia.ramírez@mail.com
8335161173,Sofia Sánchez,70,O,11001,Calle 134 #39-37,3735267839,sofia.sánchez@correo.co
7913483370,Sofia García,52,F,05001,Calle 128 #31-24,3492317794,sofia.garcía@mail.com
7076222576,Jorge Martínez,44,O,11001,Calle 118 #50-46,3813088381,jorge.martínez@example.org
8500903037,Luis Martínez,38,F,05001,Calle 4 #80-36,3523317220,luis.martínez@example.org
7491823193,Laura Sánchez,63,F,68001,Calle 51 #69-6,3974189446,laura.sánchez@example.org
6754465933,Sofia Sánchez,80,M,05001,Calle 122 #15-23,3482355471,sofia.sánchez@example.org
1901873460,Valentina Torres,73,F,76036,Calle 88 #70-45,3260954545,valentina.torres@correo.co
7995658809,Carlos Torres,18,M,76001,Calle 116 #69-19,3351635939,carlos.torres@correo.co
8342810618,Juan García,63,M,13001,Calle 8 #31-28,3733335641,juan.garcía@correo.co
4772950043,Camilo Pérez,35,M,76001,Calle 107 #59-45,3641554316,camilo.pérez@example.org
6950495339,Laura Sánchez,28,M,17001,Calle 72 #60-34,3080479067,laura.sánchez@correo.co
0726227697,Luis Hernández,39,M,76036,Calle 78 #73-17,3041098620,luis.hernández@example.org
2462736711,Camilo Sánchez,65,M,13001,Calle 61 #63-12,3783019149,camilo.sánchez@correo.co
9053866228,Andrés Sánchez,56,F,17001,Calle 60 #49-44,3741809469,andrés.sánchez@example.org
2210096896,Luis Torres,68,F,08001,Calle 50 #67-22,3693000456,luis.torres@correo.co
7310733092,Valentina Rodríguez,29,O,76001,Calle 97 #73-12,3862496924,valentina.rodríguez@example.org
7704600313,Paula Rodríguez,80,M,76036,Calle 101 #23-42,3417269710,paula.rodríguez@example.org
3309638387,Andrés Torres,18,O,66001,Calle 123 #56-26,3877509845,andrés.torres@correo.co
9237649890,Luis López,40,O,11001,Calle 99 #25-20,3686306711,luis.lópez@example.org
4096260698,Sofia García,61,O,11001,Calle 104 #16-14,3864681590,sofia.garcía@mail.com
5187753114,María Sánchez,39,O,05001,Calle 28 #15-32,3560238741,maría.sánchez@example.org
5267411242,Valentina González,39,F,08001,Calle 149 #6-9,3086704010,valentina.gonzález@example.org
5462011894,Carlos Torres,22,O,76001,Calle 128 #79-6,3673021503,carlos.torres@example.org
1875316373,Carlos García,24,O,68001,Calle 73 #27-28,3268410510,carlos.garcía@example.org
9216018413,María López,70,M,54001,Calle 57 #10-31,3504261341,maría.lópez@correo.co
8242999840,Luis Torres,38,O,76036,Calle 44 #74-36,3808495827,luis.torres@example.org
9061455941,Paula Ramírez,22,F,17001,Calle 101 #62-45,3842507912,paula.ramírez@example.org
6395930340,Valentina Pérez,41,F,66001,Calle 1 #10-25,3830429577,valentina.pérez@mail.com
5403458458,Sofia Martínez,26,O,08001,Calle 36 #43-16,3567787773,sofia.martínez@correo.co
9046944701,Luis Sánchez,65,O,05001,Calle 49 #59-6,3082912648,luis.sánchez@example.org
1249703419,Juan López,84,O,68001,Calle 106 #75-22,3674655458,juan.lópez@correo.co
3513944143,Valentina Ramírez,54,M,76001,Calle 40 #21-16,3195432769,valentina.ramírez@mail.com
6106233615,Juan Ramírez,82,F,13001,Calle 122 #38-49,3951594679,juan.ramírez@mail.com
3239807498,Luis López,20,M,17001,Calle 115 #12-33,3346506374,luis.lópez@correo.co
6214591824,Luis Martínez,72,O,54001,Calle 36 #76-39,3024890970,luis.martínez@correo.co
6074953442,Luis Torres,56,F,17001,Calle 119 #29-2,3713661621,luis.torres@example.org
0260167513,Camilo Sánchez,33,F,17001,Calle 148 #3-17,3103811249,camilo.sánchez@correo.co
2186855571,Sofia Hernández,52,O,68001,Calle 25 #69-38,3311274912,sofia.hernández@example.org
2812110670,Paula Rodríguez,32,M,11001,Calle 123 #45-20,3614959137,paula.rodríguez@mail.com
1308993157,Paula Pérez,23,M,05001,Calle 9 #66-38,3012067792,paula.pérez@mail.com
3549133221,Ana Ramírez,26,M,76036,Calle 4 #68-14,3791707998,ana.ramírez@correo.co
2494888930,Sofia Rodríguez,77,M,17001,Calle 35 #64-49,3327043476,sofia.rodríguez@correo.co
8424477578,Camilo Sánchez,31,F,66001,Calle 134 #11-8,3145199093,camilo.sánchez@example.org
4016336765,Andrés González,78,O,76036,Calle 104 #63-33,3271246100,andrés.gonzález@mail.com
4016781433,Paula Sánchez,43,F,66001,Calle 126 #65-17,3585079814,paula.sánchez@correo.co
0513857634,María Torres,80,O,17001,Calle 139 #74-31,3485349639,maría.torres@correo.co
5926593358,Sofia Pérez,62,M,08001,Calle 64 #31-42,3306811506,sofia.pérez@correo.co
9427080308,María López,61,F,17001,Calle 87 #22-40,3292690822,maría.lópez@correo.co
5146892688,Paula Pérez,44,F,05001,Calle 78 #65-20,3452464710,paula.pérez@example.org
8626411284,Andrés Torres,25,O,08001,Calle 94 #60-10,3277848968,andrés.torres@correo.co
3209868388,Jorge Pérez,72,O,11001,Calle 52 #21-18,3128618940,jorge.pérez@mail.com
2122480561,Ana Rodríguez,82,M,17001,Calle 149 #68-17,3405738787,ana.rodríguez@correo.co
2539381883,Jorge Pérez,78,O,08001,Calle 72 #19-24,3433690770,jorge.pérez@example.org
7934911204,Andrés Hernández,56,M,08001,Calle 77 #27-11,3968740889,andrés.hernández@correo.co
7867347268,Valentina Ramírez,59,F,11001,Calle 14 #24-41,3460235127,valentina.ramírez@example.org
2806619150,Luis López,28,F,68001,Calle 47 #51-25,3982996699,luis.lópez@mail.com
7117092425,Jorge Pérez,76,O,66001,Calle 31 #29-46,3298273422,jorge.pérez@correo.co
9999570263,Camilo Sánchez,28,M,66001,Calle 35 #42-45,3323450509,camilo.sánchez@correo.co
4923492895,Andrés González,34,O,11001,Calle 149 #23-17,3143407423,andrés.gonzález@mail.com
0374488108,Andrés Martínez,58,O,66001,Calle 39 #72-43,3641014141,andrés.martínez@correo.co
6635981086,Carlos Martínez,83,F,76036,Calle 150 #28-38,3907192403,carlos.martínez@correo.co
9331980817,Paula Hernández,18,F,11001,Calle 116 #42-47,3997188277,paula.hernández@example.org
7864403426,Luis Martínez,33,F,66001,Calle 111 #40-44,3630314326,luis.martínez@mail.com
5955447835,Carlos Sánchez,85,O,17001,Calle 22 #38-30,3494119852,carlos.sánchez@mail.com
2092640306,Jorge García,32,O,66001,Calle 46 #24-26,3047377483,jorge.garcía@mail.com
4671344011,Paula Pérez,80,F,76036,Calle 93 #51-20,3011861041,paula.pérez@mail.com
5790357998,Valentina Sánchez,80,F,11001,Calle 116 #75-16,3258006798,valentina.sánchez@example.org
7445569874,Ana García,85,M,54001,Calle 148 #41-36,3084449360,ana.garcía@correo.co
3200831880,Luis Pérez,71,O,68001,Calle 121 #21-40,3260411479,luis.pérez@correo.co
6109797976,María González,73,M,76036,Calle 59 #16-36,3223308216,maría.gonzález@example.org
1297084212,María Ramírez,23,O,05001,Calle 43 #16-14,3912457063,maría.ramírez@mail.com
1089039107,Valentina Pérez,64,O,08001,Calle 39 #68-27,3714989569,valentina.pérez@correo.co
7425766874,Camilo Martínez,25,O,17001,Calle 76 #54-26,3878733896,camilo.martínez@mail.com
0752779103,Ana Hernández,28,M,17001,Calle 86 #50-47,3785525336,ana.hernández@mail.com
2268513715,Camilo Ramírez,63,M,11001,Calle 32 #58-20,3503275796,camilo.ramírez@example.org
5696974154,Ana González,76,M,76001,Calle 109 #53-6,3041206457,ana.gonzález@correo.co
1393471508,Paula Martínez,83,O,05001,Calle 55 #59-31,3015918132,paula.martínez@example.org
1167617066,Luis López,41,O,66001,Calle 1 #16-36,3384559747,luis.lópez@example.org
1650514819,Andrés López,68,F,17001,Calle 12 #57-48,3201067366,andrés.lópez@mail.com
3095217196,Carlos García,53,M,08001,Calle 149 #57-6,3864080448,carlos.garcía@correo.co
4731044442,Juan Torres,59,M,11001,Calle 15 #39-25,3018298025,juan.torres@mail.com
9508966109,Juan Hernández,30,M,17001,Calle 33 #39-37,3406293975,juan.hernández@correo.co
8258896972,Luis Torres,50,O,54001,Calle 90 #28-38,3821500687,luis.torres@correo.co
5760086638,Camilo González,61,M,66001,Calle 85 #3-45,3196001564,camilo.gonzález@correo.co
8299047609,Laura González,67,M,11001,Calle 32 #60-24,3942029306,laura.gonzález@correo.co
8872809666,Camilo Pérez,32,F,76036,Calle 129 #64-11,3565650102,camilo.pérez@example.org
3338892699,Paula García,72,O,11001,Calle 83 #56-27,3264378224,paula.garcía@correo.co
5205404199,Ana Martínez,60,F,05001,Calle 25 #4-31,3407982498,ana.martínez@correo.co
7644461660,Andrés González,26,M,11001,Calle 114 #8-20,3641008464,andrés.gonzález@example.org
1015563551,Jorge González,42,M,05001,Calle 4 #77-46,3071562474,jorge.gonzález@mail.com
7366953596,Paula Hernández,61,F,68001,Calle 3 #67-38,3612850396,paula.hernández@mail.com
2193001215,Andrés González,38,M,66001,Calle 11 #64-15,3966424788,andrés.gonzález@correo.co
1683243315,Sofia García,21,M,08001,Calle 73 #23-15,3873510890,sofia.garcía@example.org
7307889820,Laura Pérez,26,M,76001,Calle 34 #25-13,3563469758,laura.pérez@correo.co
6284224318,Paula Torres,26,M,17001,Calle 100 #66-24,3443367424,paula.torres@example.org
0420925502,Luis Ramírez,28,M,05001,Calle 76 #57-34,3354644483,luis.ramírez@correo.co
7902874456,Ana Rodríguez,33,M,68001,Calle 10 #70-13,3362778161,ana.rodríguez@example.org
4480183746,Paula Ramírez,37,F,08001,Calle 59 #27-31,3255483084,paula.ramírez@example.org
5339034396,Sofia González,46,F,54001,Calle 104 #69-20,3307919366,sofia.gonzález@example.org
5184115409,Luis Rodríguez,39,M,17001,Calle 46 #5-45,3601932254,luis.rodríguez@correo.co
8598457284,Ana Martínez,44,F,54001,Calle 122 #21-39,3532742948,ana.martínez@example.org
2629672495,Valentina Hernández,68,O,76001,Calle 107 #32-12,3874915392,valentina.hernández@mail.com
0271644067,Sofia Rodríguez,31,O,68001,Calle 105 #58-11,3254067378,sofia.rodríguez@correo.co
7854065661,Paula Martínez,78,F,76001,Calle 44 #3-39,3125307613,paula.martínez@mail.com
6287811413,Valentina Hernández,74,M,76036,Calle 2 #7-50,3322910008,valentina.hernández@example.org
6084749779,Jorge López,44,O,54001,Calle 110 #16-15,3231433408,jorge.lópez@example.org
6536259268,Laura Martínez,50,M,76036,Calle 84 #50-44,3971176960,laura.martínez@mail.com
1370748727,Luis López,72,M,76036,Calle 21 #8-9,3321209597,luis.lópez@correo.co
1157254411,Sofia López,44,O,11001,Calle 64 #29-39,3851604909,sofia.lópez@mail.com
7870387951,Andrés Martínez,49,F,13001,Calle 148 #58-41,3284933446,andrés.martínez@correo.co
3443733908,Valentina Martínez,50,F,66001,Calle 79 #59-19,3360141105,valentina.martínez@example.org
6666246269,María Pérez,38,M,54001,Calle 66 #45-33,3763034249,maría.pérez@correo.co
7798157822,Carlos García,32,M,54001,Calle 102 #76-6,3514823963,carlos.garcía@correo.co
5152278198,Valentina Pérez,57,M,76001,Calle 126 #1-7,3065671371,valentina.pérez@mail.com
6702735924,Paula Torres,31,O,76001,Calle 21 #38-6,3323546107,paula.torres@mail.com
8901597246,Sofia Torres,72,F,68001,Calle 88 #41-16,3963033146,sofia.torres@example.org
4999897211,Paula Ramírez,70,O,08001,Calle 1 #42-2,3689762477,paula.ramírez@correo.co
7604719972,Jorge Torres,82,M,76001,Calle 128 #12-20,3899489452,jorge.torres@mail.com
3658821007,Luis Sánchez,33,O,76001,Calle 137 #63-6,3732590397,luis.sánchez@example.org
6510838226,Ana Rodríguez,65,M,68001,Calle 98 #74-48,3005893367,ana.rodríguez@example.org
1789279787,Carlos Torres,54,M,11001,Calle 82 #40-33,3919748473,carlos.torres@correo.co
1758874116,Luis Martínez,20,O,54001,Calle 87 #55-44,3433072975,luis.martínez@mail.com
9109659640,Luis Martínez,44,M,08001,Calle 3 #47-47,3817839610,luis.martínez@correo.co
1169259460,Ana Pérez,80,F,76036,Calle 45 #49-50,3676786263,ana.pérez@mail.com
4557717981,Laura Martínez,67,F,54001,Calle 77 #74-9,3009718055,laura.martínez@example.org
1962099251,Laura Martínez,18,O,66001,Calle 81 #16-3,3121580953,laura.martínez@example.org
3160239402,Paula González,84,F,76036,Calle 138 #66-14,3660018215,paula.gonzález@example.org
2564309717,Andrés Martínez,44,M,13001,Calle 50 #48-37,3686419406,andrés.martínez@mail.com
0037186758,Luis García,30,F,08001,Calle 97 #14-8,3173845785,luis.garcía@example.org
4434295792,Andrés Sánchez,34,F,11001,Calle 132 #20-43,3137079726,andrés.sánchez@example.org
6914665101,Camilo Rodríguez,57,F,68001,Calle 24 #11-5,3791075489,camilo.rodríguez@correo.co
9131304193,Valentina García,72,O,17001,Calle 89 #32-48,3699960419,valentina.garcía@example.org
8800421374,Camilo López,33,F,13001,Calle 124 #38-17,3275239680,camilo.lópez@correo.co
5296417087,Juan Rodríguez,73,F,08001,Calle 22 #68-33,3849072433,juan.rodríguez@mail.com
7378598311,María López,54,M,76001,Calle 102 #54-48,3306999144,maría.lópez@example.org
7121276447,Juan Martínez,37,F,17001,Calle 4 #31-4,3639742472,juan.martínez@mail.com
7924040139,María Ramírez,41,M,76036,Calle 39 #30-8,3109946004,maría.ramírez@correo.co
1667138756,Valentina Pérez,49,F,11001,Calle 47 #6-1,3072491193,valentina.pérez@correo.co
6347511478,Ana Hernández,44,O,54001,Calle 23 #14-9,3660988140,ana.hernández@example.org
1845504553,Jorge González,64,F,05001,Calle 112 #9-31,3495056105,jorge.gonzález@example.org
5102018927,Laura Hernández,44,M,11001,Calle 41 #74-14,3509557282,laura.hernández@correo.co
6037220689,Camilo López,44,O,05001,Calle 1 #45-41,3630757463,camilo.lópez@mail.com
0118147601,Laura Rodríguez,66,O,13001,Calle 142 #27-29,3225871273,laura.rodríguez@correo.co
8760201609,Carlos Pérez,42,M,76001,Calle 19 #55-16,3464717003,carlos.pérez@mail.com
8125819041,María Ramírez,61,O,05001,Calle 52 #18-31,3788342525,maría.ramírez@mail.com
6155616383,Camilo Hernández,46,O,54001,Calle 29 #63-11,3929203390,camilo.hernández@mail.com
5920913346,María Hernández,81,O,68001,Calle 68 #10-1,3897114798,maría.hernández@mail.com
2032834119,Andrés Torres,60,M,08001,Calle 99 #54-36,3455835456,andrés.torres@example.org
7608803005,Sofia Martínez,55,F,76001,Calle 142 #54-16,3227161764,sofia.martínez@mail.com
1349472532,Andrés Martínez,41,F,76001,Calle 136 #39-31,3437621807,andrés.martínez@example.org
4303421373,Carlos Hernández,29,O,54001,Calle 33 #28-26,3621758843,carlos.hernández@example.org
0390323177,Ana Hernández,38,O,05001,Calle 17 #28-39,3091292050,ana.hernández@correo.co
9226179596,Carlos Rodríguez,60,F,17001,Calle 26 #65-50,3153582148,carlos.rodríguez@mail.com
9007387844,Jorge González,75,M,68001,Calle 75 #47-40,3848732601,jorge.gonzález@example.org
9432466456,Carlos Hernández,38,M,13001,Calle 148 #47-23,3017242861,carlos.hernández@mail.com
2130340469,Sofia González,28,O,54001,Calle 130 #58-17,3890907651,sofia.gonzález@mail.com
1259708792,Paula Rodríguez,28,M,05001,Calle 102 #56-13,3403627145,paula.rodríguez@correo.co
8492194579,Ana García,72,F,13001,Calle 46 #11-10,3042785628,ana.garcía@mail.com
9437627998,Andrés González,67,M,17001,Calle 51 #10-47,3663997731,andrés.gonzález@correo.co
3381494384,Camilo Sánchez,30,M,08001,Calle 49 #54-45,3513399508,camilo.sánchez@mail.com
9816644790,Sofia Rodríguez,40,F,54001,Calle 96 #23-36,3553864269,sofia.rodríguez@mail.com
7703228287,Paula Ramírez,22,O,13001,Calle 108 #28-15,3751893749,paula.ramírez@example.org
1688516919,Andrés López,18,F,11001,Calle 4 #4-10,3785731545,andrés.lópez@correo.co
0716595079,Jorge Martínez,73,M,05001,Calle 33 #65-8,3678625920,jorge.martínez@correo.co
8191121089,Camilo González,41,M,08001,Calle 77 #25-35,3878320010,camilo.gonzález@example.org
6681339505,Ana Pérez,30,F,11001,Calle 106 #10-32,3906339810,ana.pérez@mail.com
2107648499,Luis Rodríguez,42,O,11001,Calle 138 #3-34,3518123279,luis.rodríguez@correo.co
6645360105,Luis Martínez,43,O,13001,Calle 101 #14-38,3751274452,luis.martínez@correo.co
3034785365,Laura Pérez,55,O,17001,Calle 91 #51-2,3184122313,laura.pérez@mail.com
4652007504,María Ramírez,53,O,76036,Calle 20 #74-42,3473318494,maría.ramírez@mail.com
6364891360,Carlos Pérez,22,O,17001,Calle 11 #44-42,3048433307,carlos.pérez@correo.co
1903682114,Juan García,35,M,68001,Calle 112 #29-11,3078850608,juan.garcía@mail.com
3826860426,Carlos González,36,O,54001,Calle 115 #16-34,3556937222,carlos.gonzález@mail.com
3462404695,Paula Pérez,42,F,05001,Calle 88 #27-38,3753976811,paula.pérez@correo.co
4343039111,María Martínez,77,M,05001,Calle 62 #3-30,3106429041,maría.martínez@example.org
7317822732,Luis Ramírez,81,O,54001,Calle 28 #7-42,3211852528,luis.ramírez@example.org
4312068595,Laura Hernández,18,M,76001,Calle 129 #80-31,3786161349,laura.hernández@example.org
3562483356,Paula López,78,M,11001,Calle 5 #73-44,3985110374,paula.lópez@example.org
9312659981,Laura Sánchez,32,F,17001,Calle 6 #19-27,3861427937,laura.sánchez@mail.com
9464196632,Camilo González,60,F,76036,Calle 107 #36-20,3157817573,camilo.gonzález@mail.com
9597174920,Luis García,76,M,08001,Calle 73 #76-8,3034602328,luis.garcía@example.org
3056538414,Sofia López,67,F,54001,Calle 26 #34-20,3514881724,sofia.lópez@mail.com
5155273408,Sofia Ramírez,63,F,68001,Calle 110 #60-27,3949070197,sofia.ramírez@example.org
2174268339,Jorge Sánchez,24,M,11001,Calle 70 #14-22,3585681557,jorge.sánchez@example.org
9885868646,Juan Sánchez,43,M,05001,Calle 1 #20-39,3852105392,juan.sánchez@correo.co
1213506649,Carlos Martínez,48,M,17001,Calle 140 #26-31,3421532374,carlos.martínez@correo.co
5481769084,Sofia Martínez,77,O,66001,Calle 71 #2-11,3385373063,sofia.martínez@example.org
1947987281,Paula Torres,41,O,17001,Calle 135 #34-9,3655580072,paula.torres@example.org
5124221881,Andrés Pérez,26,M,76036,Calle 65 #15-3,3807689363,andrés.pérez@example.org
5436510430,Laura García,30,M,11001,Calle 36 #1-24,3758369751,laura.garcía@mail.com
9058953061,María Martínez,84,F,05001,Calle 31 #64-15,3050828338,maría.martínez@mail.com
8568830479,Paula Hernández,21,M,68001,Calle 108 #34-13,3371579682,paula.hernández@mail.com
5867507644,Jorge Sánchez,34,F,11001,Calle 27 #5-32,3564389007,jorge.sánchez@mail.com
9078011036,Carlos Rodríguez,74,M,76036,Calle 95 #46-13,3392004785,carlos.rodríguez@mail.com
7265265097,Ana Hernández,34,O,54001,Calle 123 #16-43,3025473927,ana.hernández@correo.co
0825390830,Laura Sánchez,53,M,08001,Calle 36 #67-15,3351770247,laura.sánchez@mail.com
8573844770,Andrés Pérez,74,M,08001,Calle 53 #49-12,3656079973,andrés.pérez@correo.co
9025336367,María Ramírez,67,O,13001,Calle 137 #60-28,3555137910,maría.ramírez@example.org
2630172816,Laura García,33,F,76036,Calle 83 #34-12,3400036545,laura.garcía@mail.com
5021510258,Carlos Torres,24,M,05001,Calle 10 #24-44,3543529990,carlos.torres@correo.co
2151237777,Camilo Pérez,27,O,54001,Calle 73 #19-2,3373464961,camilo.pérez@mail.com
6653159379,Ana Pérez,22,O,76001,Calle 98 #11-5,3995967518,ana.pérez@mail.com
5815745122,Ana Sánchez,58,O,05001,Calle 62 #57-47,3940503427,ana.sánchez@mail.com
7104691899,Sofia Rodríguez,28,F,54001,Calle 130 #19-37,3481141477,sofia.rodríguez@correo.co
6747777585,Sofia Martínez,69,O,17001,Calle 62 #38-8,3383617099,sofia.martínez@correo.co
8433118792,Carlos García,65,O,66001,Calle 98 #42-29,3172724055,carlos.garcía@example.org
1287099570,Jorge Hernández,58,M,68001,Calle 73 #22-8,3242192612,jorge.hernández@correo.co
9713077352,Juan González,44,F,76036,Calle 110 #57-34,3149791840,juan.gonzález@mail.com
5821441416,Camilo Ramírez,27,O,68001,Calle 10 #56-7,3973868060,camilo.ramírez@mail.com
8886465522,María Ramírez,45,M,54001,Calle 18 #63-36,3670666235,maría.ramírez@mail.com
6022845364,Luis Pérez,75,F,08001,Calle 109 #15-12,3431677484,luis.pérez@correo.co
6159037337,Paula Pérez,69,F,11001,Calle 69 #63-47,3260428571,paula.pérez@example.org
0091341327,María García,84,M,68001,Calle 138 #26-11,3837213452,maría.garcía@mail.com
6177163350,Ana García,52,O,05001,Calle 97 #52-9,3888057707,ana.garcía@example.org
7977450744,Luis Sánchez,43,M,13001,Calle 148 #61-25,3209549520,luis.sánchez@correo.co
7233135406,María Hernández,60,M,05001,Calle 25 #72-11,3295048587,maría.hernández@mail.com
7149041847,Jorge Sánchez,81,F,08001,Calle 83 #60-46,3457794010,jorge.sánchez@example.org
9364237991,Jorge Pérez,69,M,13001,Calle 31 #56-19,3782385126,jorge.pérez@example.org
0683012947,Valentina Sánchez,19,F,54001,Calle 46 #20-31,3093165304,valentina.sánchez@mail.com
7528864179,Sofia Torres,69,F,17001,Calle 139 #26-5,3512151563,sofia.torres@example.org
3343558899,María Torres,36,M,76001,Calle 122 #1-21,3091844372,maría.torres@correo.co
5993170450,Luis Martínez,73,O,66001,Calle 126 #33-44,3186188734,luis.martínez@example.org
8996448780,Luis González,30,F,13001,Calle 129 #2-39,3266397205,luis.gonzález@mail.com
0883795959,Juan Torres,37,O,76001,Calle 34 #11-27,3814738286,juan.torres@example.org
2335654107,Andrés Pérez,25,M,08001,Calle 129 #19-47,3210664689,andrés.pérez@correo.co
3225482192,Carlos González,20,M,11001,Calle 56 #48-30,3072869171,carlos.gonzález@mail.com
4662395725,Paula Hernández,29,F,68001,Calle 149 #47-23,3758619515,paula.hernández@example.org
3914391315,Ana Hernández,45,F,13001,Calle 9 #15-34,3611533507,ana.hernández@example.org
1425511356,Juan Sánchez,76,O,76036,Calle 112 #52-31,3823363987,juan.sánchez@example.org
2202683434,Jorge López,35,M,68001,Calle 14 #12-20,3713346213,jorge.lópez@mail.com
3047526733,Camilo Pérez,45,F,54001,Calle 119 #32-49,3933933268,camilo.pérez@example.org
9416840618,Juan Torres,68,M,08001,Calle 36 #64-13,3030311364,juan.torres@correo.co
5778911478,Juan Martínez,58,M,76036,Calle 130 #50-44,3449473266,juan.martínez@correo.co
3467022442,María Martínez,18,F,76036,Calle 67 #26-33,3874021438,maría.martínez@example.org
8503067815,Juan Torres,32,F,11001,Calle 137 #51-16,3151148346,juan.torres@example.org
6576052926,Valentina Rodríguez,61,O,13001,Calle 109 #52-2,3177709975,valentina.rodríguez@correo.co
2030278563,Carlos Hernández,82,O,11001,Calle 103 #24-44,3202762476,carlos.hernández@mail.com
6532932360,Andrés Sánchez,19,F,68001,Calle 82 #45-29,3184513465,andrés.sánchez@mail.com
0295117744,Laura Torres,39,O,68001,Calle 145 #56-27,3909542916,laura.torres@mail.com
0876605441,Ana Pérez,53,F,68001,Calle 28 #41-33,3538448491,ana.pérez@correo.co
8658813819,Juan Torres,46,M,76036,Calle 129 #11-39,3540616690,juan.torres@example.org
8927076454,Ana González,34,F,05001,Calle 8 #27-37,3426979516,ana.gonzález@correo.co
7564112871,Andrés Rodríguez,71,F,17001,Calle 31 #78-42,3974808870,andrés.rodríguez@correo.co
3422015085,Carlos González,70,O,68001,Calle 37 #32-31,3206084222,carlos.gonzález@correo.co
5103585499,Valentina Hernández,57,O,76001,Calle 146 #40-31,3761816822,valentina.hernández@mail.com
2776349988,Camilo Martínez,82,F,17001,Calle 96 #49-32,3684436022,camilo.martínez@mail.com
2766264065,Jorge López,43,F,11001,Calle 103 #13-22,3529850745,jorge.lópez@mail.com
4405520497,María López,26,M,17001,Calle 78 #8-14,3255457361,maría.lópez@mail.com
5617108541,Paula López,76,M,13001,Calle 105 #77-18,3415592822,paula.lópez@example.org
6313116354,Andrés Hernández,30,F,68001,Calle 138 #24-13,3772535136,andrés.hernández@example.org
0461428262,Laura Pérez,52,M,13001,Calle 121 #39-24,3133744347,laura.pérez@correo.co
4906694263,Sofia García,59,F,54001,Calle 84 #72-36,3776420179,sofia.garcía@example.org
5435658617,María García,61,F,17001,Calle 95 #57-19,3117374112,maría.garcía@mail.com
3405950405,Valentina González,64,F,08001,Calle 48 #42-30,3231926916,valentina.gonzález@correo.co
9774248760,Sofia Ramírez,80,F,76036,Calle 86 #9-48,3005115854,sofia.ramírez@example.org
5628987511,Camilo Torres,61,F,17001,Calle 111 #3-26,3508024226,camilo.torres@correo.co
7089190882,Luis Martínez,30,M,17001,Calle 11 #17-35,3308962192,luis.martínez@mail.com
3942054590,Juan Sánchez,74,F,08001,Calle 53 #49-38,3801971714,juan.sánchez@example.org
7808105140,Andrés Pérez,69,M,68001,Calle 93 #40-5,3483906349,andrés.pérez@correo.co
2438600047,Laura López,55,F,76036,Calle 107 #21-27,3199781811,laura.lópez@correo.co
1663491636,Carlos Pérez,23,O,54001,Calle 135 #22-11,3132409448,carlos.pérez@correo.co
1639655871,Valentina Rodríguez,79,F,76036,Calle 51 #17-15,3581677262,valentina.rodríguez@correo.co
6854265127,Andrés González,36,O,11001,Calle 99 #7-13,3906823048,andrés.gonzález@mail.com
9817134599,Sofia González,41,F,68001,Calle 125 #71-30,3663503691,sofia.gonzález@mail.com
6911668297,Jorge Martínez,68,O,08001,Calle 37 #29-50,3073618583,jorge.martínez@mail.com
3969041878,Jorge Torres,72,M,13001,Calle 13 #52-19,3354437207,jorge.torres@example.org
4670131646,Ana Pérez,38,O,54001,Calle 101 #76-13,3232914756,ana.pérez@mail.com
5079828474,Luis Rodríguez,76,M,05001,Calle 88 #35-3,3381458677,luis.rodríguez@mail.com
2984656860,Juan Rodríguez,53,O,13001,Calle 65 #66-22,3489018245,juan.rodríguez@example.org
0387492163,María Torres,30,O,05001,Calle 31 #31-24,3576870644,maría.torres@example.org
5867771403,Luis Pérez,21,O,66001,Calle 65 #46-44,3392404927,luis.pérez@mail.com
9315975753,Jorge López,58,F,05001,Calle 24 #52-21,3667284343,jorge.lópez@mail.com
9328219026,Valentina Rodríguez,43,M,05001,Calle 104 #34-10,3753919882,valentina.rodríguez@example.org
3593273843,Ana López,46,F,08001,Calle 38 #2-19,3206845548,ana.lópez@example.org
7659450644,Ana González,63,M,76001,Calle 83 #32-35,3509975182,ana.gonzález@correo.co
7136363275,Carlos García,75,O,11001,Calle 89 #62-46,3160759774,carlos.garcía@example.org
8097304768,Andrés Martínez,58,M,76036,Calle 14 #46-38,3196577267,andrés.martínez@mail.com
7506903195,Andrés Sánchez,35,F,76001,Calle 25 #40-23,3142022360,andrés.sánchez@correo.co
3148758469,Juan González,67,F,11001,Calle 146 #73-24,3891612389,juan.gonzález@example.org
9602194700,María Hernández,55,M,68001,Calle 47 #76-34,3101163468,maría.hernández@correo.co
4344343472,Paula Torres,30,O,05001,Calle 83 #68-37,3553523419,paula.torres@correo.co
0887513690,Camilo García,85,M,08001,Calle 23 #40-38,3751300933,camilo.garcía@example.org
9983801268,Carlos López,58,M,08001,Calle 127 #27-37,3609269028,carlos.lópez@correo.co
1601170517,Andrés Torres,57,M,13001,Calle 105 #2-27,3838172060,andrés.torres@correo.co
4103060437,Camilo Pérez,54,O,13001,Calle 73 #73-17,3118895419,camilo.pérez@correo.co
3952637048,Paula Torres,23,O,17001,Calle 49 #27-47,3359399326,paula.torres@correo.co
6000358705,Laura Ramírez,54,O,76001,Calle 37 #71-21,3064561931,laura.ramírez@mail.com
1619983081,Juan Sánchez,67,F,76036,Calle 100 #58-48,3242964848,juan.sánchez@mail.com
2759773487,Paula Pérez,47,F,76001,Calle 91 #27-26,3447433337,paula.pérez@mail.com
9490251967,Sofia Hernández,45,F,76001,Calle 121 #14-35,3638760251,sofia.hernández@correo.co
0080839212,Camilo Pérez,43,M,54001,Calle 82 #60-16,3819396786,camilo.pérez@mail.com
5496996147,María González,58,O,66001,Calle 122 #44-46,3138181194,maría.gonzález@example.org
9801331976,Carlos Pérez,78,F,66001,Calle 44 #3-38,3689518995,carlos.pérez@correo.co
3167293296,Camilo González,55,O,05001,Calle 91 #78-32,3084181259,camilo.gonzález@correo.co
8743975429,Camilo Rodríguez,60,O,11001,Calle 34 #80-1,3703930663,camilo.rodríguez@example.org
8616848711,Camilo Rodríguez,58,O,05001,Calle 6 #17-49,3103187800,camilo.rodríguez@correo.co
7474758450,Valentina Martínez,43,O,05001,Calle 48 #12-46,3907200354,valentina.martínez@mail.com
2487569270,Ana Hernández,36,O,76036,Calle 49 #16-45,3718723824,ana.hernández@example.org
9573383345,María Sánchez,62,O,11001,Calle 111 #11-44,3770705936,maría.sánchez@example.org
4013963076,Valentina López,47,O,76001,Calle 11 #46-27,3449894841,valentina.lópez@correo.co
4484631976,Carlos Martínez,41,M,05001,Calle 5 #51-31,3130339524,carlos.martínez@example.org
8839044232,Carlos López,84,F,08001,Calle 107 #63-1,3963366553,carlos.lópez@correo.co
5838313549,Sofia Sánchez,53,O,68001,Calle 148 #43-45,3113692528,sofia.sánchez@correo.co
9438281962,Valentina Hernández,26,F,54001,Calle 50 #36-46,3180263841,valentina.hernández@correo.co